score,content_id,game
0.91058266,4675,Trine 2
0.8790527,256,Amnesia The Dark Descent
0.8522971,2690,Metro 2033
0.8182304,2055,Half-Life 2
0.79416496,2355,Killing Floor
